year,title,hours,minutes,seconds,total_seconds,time_stamp
2008,Crysis,00,00,06,6,00:00:06
2008,The Witcher,00,03,21,201,00:03:21
2008,PAINKILLER (short video),00,06,52,412,00:06:52
2008,No More Heroes,00,08,46,526,00:08:46
2008,Burnout Paradise,00,12,11,731,00:12:11
2008,Sonic Unleashed,00,15,41,941,00:15:41
2008,Condemned 2: Bloodshot,00,20,06,1206,00:20:06
2008,Super Smash Bros Brawl,00,24,08,1448,00:24:08
2008,God of War: Chains of Olympus,00,27,57,1677,00:27:57
2008,Mailbag Showdown,00,31,15,1875,00:31:15
2008,Grand Theft Auto 4,00,35,23,2123,00:35:23
2008,Painkiller,00,39,21,2361,00:39:21
2008,The World Ends With You,00,42,51,2571,00:42:51
2008,Elder Scrolls: Oblivion,00,46,35,2795,00:46:35
2008,HAZE,00,50,42,3042,00:50:42
2008,Metal Gear Solid 4,00,53,56,3236,00:53:56
2008,Webcomics,00,57,50,3470,00:57:50
2008,LEGO Indiana Jones,01,01,39,3699,01:01:39
2008,Alone in the Dark: Illumination,01,05,35,3935,01:05:35
2008,Age of Conan: Hydorian Adventures,01,09,47,4187,01:09:47
2008,E3 Roundup,01,13,50,4430,01:13:50
2008,Ninja Gaiden 2,01,17,54,4674,01:17:54
2008,Prince of Persia Retrospective,01,21,49,4909,01:21:49
2008,Soul Caliber 4,01,26,15,5175,01:26:15
2008,Braid,01,30,22,5422,01:30:22
2008,EVE Online,01,34,11,5651,01:34:11
2008,Too Human,01,38,14,5894,01:38:14
2008,Spore,01,42,18,6138,01:42:18
2008,XBLA Double Bill (Bionic Commando Rearmed and Castle Crashers),01,46,14,6374,01:46:14
2008,Mercenaries 2,01,50,18,6618,01:50:18
2008,Star Wars: The Force Unleashed,01,54,28,6868,01:54:28
2008,S.T.A.L.K.E.R. Clear Sky,01,58,43,7123,01:58:43
2008,Silent Hill Homecoming,02,02,52,7372,02:02:52
2008,"Silent Hill Short ""Call for Mr. Mason""",02,07,22,7642,02:07:22
2008,Saints Row 2,02,09,32,7772,02:09:32
2008,Dead Space,02,13,39,8019,02:13:39
2008,Fable 2,02,17,41,8261,02:17:41
2008,Fallout 3,02,22,21,8541,02:22:21
2008,Guitar Hero World Tour,02,26,01,8761,02:26:01
2008,Deus Ex Song,02,30,00,9000,02:30:00
2008,Mirror's Edge,02,31,00,9060,02:31:00
2008,Left for Dead,02,34,53,9293,02:34:53
2008,Sonic Unleashed (Again for some reason),02,38,31,9511,02:38:31
2008,2008 - Year in Review,02,42,56,9776,02:42:56
2008,Prince of Persia Remake,02,46,32,9992,02:46:32
2009,Awards for 2008,00,00,05,5,00:00:05
2009,Tomb Raider: Underworld,00,04,53,293,00:04:53
2009,Far Cry 2,00,08,57,537,00:08:57
2009,Gears of War 2,00,13,16,796,00:13:16
2009,Little Big Planet,00,17,32,1052,00:17:32
2009,Satan Butt,00,21,54,1314,00:21:54
2009,Thief: The Dark Project,00,22,18,1338,00:22:18
2009,Skate 2,00,26,21,1581,00:26:21
2009,FEAR 2,00,30,38,1838,00:30:38
2009,Spiderman: Web of Shadows,00,34,52,2092,00:34:52
2009,House of the Dead: Overkill,00,39,03,2343,00:39:03
2009,50 Cent: Blood on the Sand,00,43,09,2589,00:43:09
2009,Resident Evil 5,00,47,27,2847,00:47:27
2009,XBlades,00,52,15,3135,00:52:15
2009,Halo Wars,00,53,57,3237,00:53:57
2009,Pedigree Chum,00,58,52,3532,00:58:52
2009,GTA Chinatown Wars,00,59,12,3552,00:59:12
2009,MADWORLD,01,03,38,3818,01:03:38
2009,Tom Clancy's H.A.W.X.,01,07,48,4068,01:07:48
2009,Siren Blood Curse,01,11,56,4316,01:11:56
2009,Chronicles of Riddick: Assault on Dark Athena,01,16,07,4567,01:16:07
2009,Valkyria Chronicles,01,19,57,4797,01:19:57
2009,Velvet Assassin,01,23,57,5037,01:23:57
2009,Duke Nukem Forever,01,27,48,5268,01:27:48
2009,Bionic Commando,01,31,45,5505,01:31:45
2009,Letter of the Week,01,36,01,5761,01:36:01
2009,Infamous,01,36,31,5791,01:36:31
2009,E3 2009 Hype Massacre,01,40,15,6015,01:40:15
2009,Prototype,01,44,00,6240,01:44:00
2009,The Sims 3,01,47,47,6467,01:47:47
2009,Ghostbusters: The Video Game,01,51,39,6699,01:51:39
2009,Overlord 2,01,55,30,6930,01:55:30
2009,Red Faction Guerrilla,01,59,20,7160,01:59:20
2009,Wii Sports Resort,02,03,11,7391,02:03:11
2009,Call of Juarez: Bound in Blood,02,06,48,7608,02:06:48
2009,Theme Song Time!,02,11,03,7863,02:11:03
2009,The Conduit,02,12,10,7930,02:12:10
2009,Silent Hill 2,02,16,12,8172,02:16:12
2009,2.5D Hoedown,02,20,27,8427,02:20:27
2009,Tales of Monkey Island,02,24,23,8663,02:24:23
2009,Wolfenstein,02,28,12,8892,02:28:12
2009,Batman: Arkham Asylum,02,31,59,9119,02:31:59
2009,Beatles Rock Band and Guitar Hero 5,02,36,07,9367,02:36:07
2009,Darkest of Days,02,40,13,9613,02:40:13
2009,Scribblenauts,02,44,29,9869,02:44:29
2009,Wet,02,48,33,10113,02:48:33
2009,Mario and Luigi: Bowser's Inside Story,02,52,33,10353,02:52:33
2009,Brutal Legend,02,56,47,10607,02:56:47
2009,Games Expo Video Journal,03,00,49,10849,03:00:49
2009,Uncharted 2: Among Thieves,03,07,00,11220,03:07:00
2009,Dragon Age: Origins,03,10,50,11450,03:10:50
2009,Winners of the Stonking Great Game Contest,03,14,56,11696,03:14:56
2009,COD: Modern Warfare 2,03,16,08,11768,03:16:08
2009,Assassin's Creed 2,03,19,56,11996,03:19:56
2009,Left 4 Dead 2 and New Super Mario Bros Wii,03,24,11,12251,03:24:11
2009,Demon's Souls,03,28,30,12510,03:28:30
2009,Holiday Announcement,03,32,42,12762,03:32:42
2009,Saboteur,03,32,56,12776,03:32:56
2010,2009 Awards,00,00,00,0,00:00:00
2010,Torchlight,00,04,41,281,00:04:41
2010,Darksiders,00,08,51,531,00:08:51
2010,Bayonetta,00,13,17,797,00:13:17
2010,Dark Void,00,17,38,1058,00:17:38
2010,Borderlands,00,21,47,1307,00:21:47
2010,Mass Effect 2,00,26,00,1560,00:26:00
2010,Dante's Inferno,00,30,34,1834,00:30:34
2010,Bioshock 2,00,34,30,2070,00:34:30
2010,Aliens vs Predator,00,38,49,2329,00:38:49
2010,Heavy Rain,00,43,26,2606,00:43:26
2010,Battlefield: Bad Company 2,00,47,53,2873,00:47:53
2010,Final Fantasy XIII,00,52,18,3138,00:52:18
2010,God Of War III,00,57,00,3420,00:57:00
2010,Redsteel 2,01,01,33,3693,01:01:33
2010,Just Cause 2,01,05,45,3945,01:05:45
2010,Silent Hill: Shattered Memories,01,10,28,4228,01:10:28
2010,Splinter Cell: Conviction,01,14,50,4490,01:14:50
2010,Nier,01,19,10,4750,01:19:10
2010,Dead To Rights: Retribution,01,23,45,5025,01:23:45
2010,Monster Hunter 3,01,28,16,5296,01:28:16
2010,Alan Wake,01,32,42,5562,01:32:42
2010,Red Dead Redemption,01,37,16,5836,01:37:16
2010,Alpha Protocol,01,42,02,6122,01:42:02
2010,Prince of Persia: The Forgotten Sands,01,46,34,6394,01:46:34
2010,E3 2010,01,51,06,6666,01:51:06
2010,No More Heroes 2: Desperate Struggle,01,55,37,6937,01:55:37
2010,Super Mario Galaxy 2,01,59,57,7197,01:59:57
2010,Singularity,02,04,53,7493,02:04:53
2010,Crackdown 2,02,09,14,7754,02:09:14
2010,Deathspank and Limbo,02,13,31,8011,02:13:31
2010,Shadow Of The Colossus,02,17,48,8268,02:17:48
2010,Split/Second: Velocity,02,22,10,8530,02:22:10
2010,Transformers: War For Cybertron,02,26,31,8791,02:26:31
2010,Metroid: Other M,02,30,40,9040,02:30:40
2010,Kane & Lynch 2: Dog Days,02,30,51,9051,02:30:51
2010,Mafia II,02,35,29,9329,02:35:29
2010,Amnesia: The Dark Descent,02,44,04,9844,02:44:04
2010,Halo: Reach,02,48,10,10090,02:48:10
2010,Dead Rising 2,02,52,23,10343,02:52:23
2010,Spider-Man: Shattered Dimensions,02,56,39,10599,02:56:39
2010,Castlevania: Lords Of Shadow,03,01,00,10860,03:01:00
2010,Enslaved: Odyssey To The West,03,05,22,11122,03:05:22
2010,Fallout: New Vegas,03,09,59,11399,03:09:59
2010,Star Wars: The Force Unleashed II,03,14,48,11688,03:14:48
2010,Call of Duty: Black Ops,03,19,18,11958,03:19:18
2010,Mobile Games,03,23,52,12232,03:23:52
2010,Assassin's Creed: Brotherhood,03,28,38,12518,03:28:38
2010,Splatterhouse,03,33,22,12802,03:33:22
2010,Epic Mickey,03,38,09,13089,03:38:09
2011,Yahtzee’s Top & Bottom 5 of 2010,00,00,00,0,00:00:00
2011,World Of Warcraft: Cataclysm,00,05,30,330,00:05:30
2011,Fable 3,00,10,05,605,00:10:05
2011,Minecraft,00,14,59,899,00:14:59
2011,A Shadow’s Tale,00,19,40,1180,00:19:40
2011,Dead Space 2,00,24,16,1456,00:24:16
2011,DC Universe Online,00,29,06,1746,00:29:06
2011,MindJack,00,34,03,2043,00:34:03
2011,Two Worlds II,00,38,58,2338,00:38:58
2011,Bulletstorm,00,43,41,2621,00:43:41
2011,Killzone 3,00,48,30,2910,00:48:30
2011,Kirby’s Epic Yarn,00,53,25,3205,00:53:25
2011,Dragon Age II,00,58,11,3491,00:58:11
2011,Pokémon White,01,02,47,3767,01:02:47
2011,Yakuza 4,01,07,44,4064,01:07:44
2011,Crysis 2,01,12,25,4345,01:12:25
2011,Nintendo 3DS,01,16,52,4612,01:16:52
2011,Portal 2,01,21,29,4889,01:21:29
2011,Castlevania: Symphony Of The Night,01,26,07,5167,01:26:07
2011,Mortal Kombat 9,01,30,34,5434,01:30:34
2011,Brink,01,35,26,5726,01:35:26
2011,L.A. Noire,01,40,02,6002,01:40:02
2011,The Witcher 2: Assassins of Kings,01,44,41,6281,01:44:41
2011,Hunted: The Demon’s Forge,01,49,22,6562,01:49:22
2011,Duke Nukem Forever,01,54,07,6847,01:54:07
2011,Infamous 2,01,58,41,7121,01:58:41
2011,Alice: Madness Returns,02,03,29,7409,02:03:29
2011,Shadows Of The Damned,02,07,59,7679,02:07:59
2011,Fear 3,02,12,54,7974,02:12:54
2011,The Legend Of Zelda: Ocarina Of Time 3D,02,17,52,8272,02:17:52
2011,Call Of Juarez: The Cartel,02,22,48,8568,02:22:48
2011,Bastion,02,27,38,8858,02:27:38
2011,From Dust,02,29,56,8996,02:29:56
2011,Catherine,02,32,16,9136,02:32:16
2011,Red Faction Armageddon,02,36,52,9412,02:36:52
2011,Deus Ex,02,41,42,9702,02:41:42
2011,Deus Ex: Human Revolution,02,45,46,9946,02:45:46
2011,Driver: San Francisco,02,46,27,9987,02:46:27
2011,Dead Island,02,51,07,10267,02:51:07
2011,Resistance 3,02,55,46,10546,02:55:46
2011,Gears Of War 3,03,00,23,10823,03:00:23
2011,Hard Reset,03,05,19,11119,03:05:19
2011,Rage,03,09,56,11396,03:09:56
2011,Kinect,03,14,45,11685,03:14:45
2011,Batman: Arkham City,03,19,26,11966,03:19:26
2011,Battlefield 3,03,24,07,12247,03:24:07
2011,Uncharted 3: Drake’s Deception,03,28,42,12522,03:28:42
2011,Call Of Duty: Modern Warfare 3,03,33,33,12813,03:33:33
2011,The Elder Scrolls V: Skyrim,03,38,34,13114,03:38:34
2011,Saints Row: The Third,03,43,34,13414,03:43:34
2011,Assassin’s Creed: Revelations,03,48,31,13711,03:48:31
2011,The Legend of Zelda: Skyward Sword,03,53,27,14007,03:53:27
2012,Serious Sam 3: BFE,00,00,00,0,00:00:00
2012,Yahtzee’s 2011 Best & Worst,00,04,56,296,00:04:56
2012,Super Mario 3D Land [&] Rayman Origins,00,09,55,595,00:09:55
2012,Sonic Generations,00,14,40,880,00:14:40
2012,Star Wars: The Old Republic,00,19,35,1175,00:19:35
2012,Amy,00,24,19,1459,00:24:19
2012,Resident Evil: Revelations,00,29,09,1749,00:29:09
2012,The Darkness II,00,33,42,2022,00:33:42
2012,Kingdoms of Amalur: Reckoning,00,38,20,2300,00:38:20
2012,NeverDead,00,43,07,2587,00:43:07
2012,Syndicate (2012),00,48,03,2883,00:48:03
2012,Mass Effect 3,00,52,56,3176,00:52:56
2012,Twisted Metal (2012),00,57,38,3458,00:57:38
2012,Yakuza: Dead Souls,01,02,32,3752,01:02:32
2012,Ninja Gaiden 3,01,07,37,4057,01:07:37
2012,Silent Hill: Downpour,01,12,46,4366,01:12:46
2012,Kid Icarus: Uprising,01,17,40,4660,01:17:40
2012,Fez / I Am Alive,01,22,32,4952,01:22:32
2012,Prototype 2,01,27,21,5241,01:27:21
2012,Risen 2: Dark Waters,01,32,07,5527,01:32:07
2012,Black Mesa Radio w/ MC Croshaw,01,36,55,5815,01:36:55
2012,Sniper Elite V2,01,38,30,5910,01:38:30
2012,Diablo III,01,43,20,6200,01:43:20
2012,Max Payne 3,01,48,11,6491,01:48:11
2012,Dragon’s Dogma,01,53,12,6792,01:53:12
2012,E3 2012,01,58,10,7090,01:58:10
2012,Lollipop Chainsaw,02,02,59,7379,02:02:59
2012,Quantum Conundrum,02,08,13,7693,02:08:13
2012,Spec Ops: The Line,02,13,04,7984,02:13:04
2012,The Walking Dead,02,18,09,8289,02:18:09
2012,Inversion,02,23,11,8591,02:23:11
2012,The Amazing Spider-Man,02,28,11,8891,02:28:11
2012,Half-Life,02,33,01,9181,02:33:01
2012,Wreckateer / Deadlight,02,37,49,9469,02:37:49
2012,Steam Roundup: Unmechanical [&] Orcs Must Die! 2 [&] The Book of Unwritten Tales,02,42,29,9749,02:42:29
2012,Sleeping Dogs,02,47,36,10056,02:47:36
2012,Darksiders II,02,52,15,10335,02:52:15
2012,DayZ,02,57,03,10623,02:57:03
2012,Guild Wars 2,03,02,11,10931,03:02:11
2012,Borderlands 2,03,07,03,11223,03:07:03
2012,FIFA 13,03,11,54,11514,03:11:54
2012,Resident Evil 6,03,16,47,11807,03:16:47
2012,Dishonored,03,21,50,12110,03:21:50
2012,XCOM: Enemy Unknown,03,26,39,12399,03:26:39
2012,Medal of Honor: Warfighter / Doom 3: BFG Edition,03,31,14,12674,03:31:14
2012,Assassin’s Creed III,03,36,15,12975,03:36:15
2012,Halo 4,03,40,53,13253,03:40:53
2012,Call of Duty: Black Ops II,03,45,28,13528,03:45:28
2012,Hitman: Absolution,03,50,25,13825,03:50:25
2012,Far Cry 3,03,54,56,14096,03:54:56
2012,ZombiU,03,59,44,14384,03:59:44
2013,Top and Bottom Five,00,00,05,5,00:00:05
2013,Paper Mario Sticker Star,00,05,43,343,00:05:43
2013,Black Knight Sword [&] Hotline Miami,00,10,37,637,00:10:37
2013,Anarchy Reigns,00,15,39,939,00:15:39
2013,DmC Devil May Cry,00,20,21,1221,00:20:21
2013,The Cave,00,25,15,1515,00:25:15
2013,Ni no Kuni: Wrath of the White Witch,00,29,53,1793,00:29:53
2013,Dead Space 3,00,34,46,2086,00:34:46
2013,Aliens Colonial Marines,00,39,50,2390,00:39:50
2013,Crysis 3,00,44,40,2680,00:44:40
2013,Metal Gear Rising: Revengeance,00,49,42,2982,00:49:42
2013,Tomb Raider,00,54,30,3270,00:54:30
2013,SimCity,00,59,21,3561,00:59:21
2013,Walking Dead,01,04,29,3869,01:04:29
2013,Bioshock Infinite,01,09,05,4145,01:09:05
2013,Lego City Undercover,01,13,40,4420,01:13:40
2013,Luigi's Mansion 2 Dark Moon,01,18,24,4704,01:18:24
2013,Injustice: Gods Among Us,01,23,12,4992,01:23:12
2013,Star Trek,01,27,54,5274,01:27:54
2013,FarCry 3 Blooddragon,01,32,43,5563,01:32:43
2013,Systemshock 2,01,37,39,5859,01:37:39
2013,Metro Last Light,01,42,19,6139,01:42:19
2013,Buyer's Guide To Next Gen Consoles,01,47,00,6420,01:47:00
2013,Fuse (Overstrike),01,51,55,6715,01:51:55
2013,Remember Me,01,56,47,7007,01:56:47
2013,E3 2013,02,01,40,7300,02:01:40
2013,The Last of Us,02,07,34,7654,02:07:34
2013,Deadpool,02,12,23,7943,02:12:23
2013,Animal Crossing New Leaf,02,17,24,8244,02:17:24
2013,Ride To Hell Retribution 1%,02,22,22,8542,02:22:22
2013,Dark,02,27,41,8861,02:27:41
2013,Mario & Luigi Dreamteam (Bros.),02,32,53,9173,02:32:53
2013,Rise of the Triad,02,37,58,9478,02:37:58
2013,Brothers: A Tale of Two Sons [&] Papers Please,02,42,54,9774,02:42:54
2013,Pikmin 3,02,47,52,10072,02:47:52
2013,The Bureau,02,52,47,10367,02:52:47
2013,Saints Row 4,02,57,50,10670,02:57:50
2013,Killer Is Dead,03,02,41,10961,03:02:41
2013,Amesia The Dark Descent,03,07,40,11260,03:07:40
2013,Grand Theft Auto V (GTA 5),03,12,37,11557,03:12:37
2013,Lost Planet 2,03,17,22,11842,03:17:22
2013,Beyond: Two Souls,03,22,16,12136,03:22:16
2013,The Legend of Zelda: The Wind Waker,03,27,19,12439,03:27:19
2013,Batman: Arkham Origins,03,32,21,12741,03:32:21
2013,Assassin's Creed 4 Black Flag,03,37,31,13051,03:37:31
2013,Call of Duty: Ghosts,03,42,28,13348,03:42:28
2013,JAM (The Audiobook),03,47,19,13639,03:47:19
2013,Xbox vs Playstation,03,48,29,13709,03:48:29
2013,Ryse: Son of Rome,03,53,48,14028,03:53:48
2013,Deadrising 3,03,58,49,14329,03:58:49
2013,Super Mario 3D World,04,03,30,14610,04:03:30
2014,Yahtzee’s 2013 Best & Worst,00,00,00,0,00:00:00
2014,Knack,00,05,37,337,00:05:37
2014,Killzone: Shadow Fall,00,10,26,626,00:10:26
2014,The Survival Special - Starbound / 7 Days to Die / Rust,00,15,07,907,00:15:07
2014,Broken Age,00,19,50,1190,00:19:50
2014,Might & Magic X: Legacy,00,24,42,1482,00:24:42
2014,The Legend of Zelda: A Link Between Worlds (or a Nintendo reprimand),00,29,27,1767,00:29:27
2014,Dark Souls,00,34,21,2061,00:34:21
2014,Lightning Returns: Final Fantasy XIII,00,39,06,2346,00:39:06
2014,Strider (2014),00,43,57,2637,00:43:57
2014,Thief,00,48,36,2916,00:48:36
2014,Castlevania: Lords of Shadow 2,00,53,31,3211,00:53:31
2014,Dark Souls II,00,58,22,3502,00:58:22
2014,Titanfall,01,03,17,3797,01:03:17
2014,Infamous Second Son,01,08,12,4092,01:08:12
2014,Metal Gear Solid V: Ground Zeroes,01,12,58,4378,01:12:58
2014,The Elder Scrolls Online,01,17,39,4659,01:17:39
2014,South Park: The Stick of Truth,01,22,31,4951,01:22:31
2014,FTL: Faster Than Light,01,26,56,5216,01:26:56
2014,Daylight [&] Child of Light,01,31,14,5474,01:31:14
2014,The Amazing Spider-Man 2,01,35,55,5755,01:35:55
2014,Tesla Effect: A Tex Murphy Adventure,01,40,46,6046,01:40:46
2014,Wolfenstein: The New Order,01,45,39,6339,01:45:39
2014,Watch Dogs,01,50,12,6612,01:50:12
2014,E3 2014,01,55,08,6908,01:55:08
2014,Murdered: Soul Suspect,01,59,57,7197,01:59:57
2014,Tomodachi Life,02,04,37,7477,02:04:37
2014,Enemy Front / Valiant Hearts: The Great War,02,09,18,7758,02:09:18
2014,Shovel Knight,02,14,10,8050,02:14:10
2014,EarthBound,02,18,58,8338,02:18:58
2014,Transistor,02,23,38,8618,02:23:38
2014,E.T. the Worst Game Ever,02,28,17,8897,02:28:17
2014,Firefall,02,32,41,9161,02:32:41
2014,Sacred 3,02,37,08,9428,02:37:08
2014,Risen 3: Titan Lords,02,41,40,9700,02:41:40
2014,Daikatana (John Romero's B**ch),02,46,24,9984,02:46:24
2014,Lichdom: Battlemage,02,51,21,10281,02:51:21
2014,The Sims 4,02,55,59,10559,02:55:59
2014,Destiny,03,00,39,10839,03:00:39
2014,D4: Dark Dreams Don’t Die,03,05,37,11137,03:05:37
2014,Hyrule Warriors,03,10,27,11427,03:10:27
2014,Middle-earth: Shadow of Mordor,03,15,03,11703,03:15:03
2014,Alien: Isolation,03,19,47,11987,03:19:47
2014,The Evil Within,03,24,26,12266,03:24:26
2014,Bayonetta 2,03,29,05,12545,03:29:05
2014,Sunset Overdrive,03,33,42,12822,03:33:42
2014,Call of Duty: Advanced Warfare,03,38,38,13118,03:38:38
2014,Assassin’s Creed Unity,03,43,23,13403,03:43:23
2014,Far Cry 4,03,48,05,13685,03:48:05
2014,Dragon Age: Inquisition,03,53,19,13999,03:53:19
2014,Sonic Boom: Rise of Lyric,03,58,09,14289,03:58:09
2015,Yahtzee 2014 Hits,00,00,00,0,00:00:00
2015,The Talos Principle,00,04,53,293,00:04:53
2015,Elite Dangerous,00,09,36,576,00:09:36
2015,Five Nights at Freddy's,00,14,18,858,00:14:18
2015,This War of Mine,00,17,04,1024,00:17:04
2015,Lords of the Fallen,00,18,56,1136,00:18:56
2015,Saints Row IV,00,23,26,1406,00:23:26
2015,Dying Light,00,27,55,1675,00:27:55
2015,Grim Fandango Remastered,00,32,33,1953,00:32:33
2015,Evolve,00,37,01,2221,00:37:01
2015,The Order 1886,00,41,31,2491,00:41:31
2015,Zelda Majora's Mask,00,46,26,2786,00:46:26
2015,Resident Evil 2 Revelations,00,51,01,3061,00:51:01
2015,Hotline Miami 2,00,55,30,3330,00:55:30
2015,Ori & The Blind Forest,00,57,50,3470,00:57:50
2015,Battlefield Hardline,01,00,22,3622,01:00:22
2015,Bloodborne,01,05,16,3916,01:05:16
2015,Half-Life 2,01,10,13,4213,01:10:13
2015,Axiom Verge,01,15,00,4500,01:15:00
2015,Stealth Inc. 2,01,17,58,4678,01:17:58
2015,Mortal Kombat X,01,19,59,4799,01:19:59
2015,GTA V Online,01,25,03,5103,01:25:03
2015,Broken Age,01,29,48,5388,01:29:48
2015,Wolfenstein The Old Blood,01,34,46,5686,01:34:46
2015,Dex,01,40,00,6000,01:40:00
2015,Invisible Inc.,01,43,08,6188,01:43:08
2015,The Witcher 3: Wild Hunt,01,45,05,6305,01:45:05
2015,Splatoon,01,49,56,6596,01:49:56
2015,Hatred,01,55,06,6906,01:55:06
2015,E3,02,00,04,7204,02:00:04
2015,Alone in the Dark Illumination,02,05,22,7522,02:05:22
2015,Batman Arkham Knight,02,10,28,7828,02:10:28
2015,Yoshi's Wooly World,02,15,41,8141,02:15:41
2015,Cave Story,02,20,36,8436,02:20:36
2015,Godzilla,02,25,26,8726,02:25:26
2015,Rocket League,02,30,05,9005,02:30:05
2015,Tembo the Badass Elephant,02,32,29,9149,02:32:29
2015,King's Quest,02,34,42,9282,02:34:42
2015,Nom nom Galaxy,02,39,20,9560,02:39:20
2015,Freedom Planet,02,41,35,9695,02:41:35
2015,Everybody's Gone to the Rapture,02,44,08,9848,02:44:08
2015,Volume,02,48,55,10135,02:48:55
2015,Metal Gear: The Phantom Pain,02,53,28,10408,02:53:28
2015,Mad Max,02,58,09,10689,02:58:09
2015,Gears of War Remastered,03,02,56,10976,03:02:56
2015,Until Dawn,03,07,35,11255,03:07:35
2015,Super Mario Maker,03,12,22,11542,03:12:22
2015,Soma,03,17,17,11837,03:17:17
2015,Rock Band 4,03,21,56,12116,03:21:56
2015,Assassin's Creed Syndicate,03,26,32,12392,03:26:32
2015,Halo 5,03,31,25,12685,03:31:25
2015,Call of Duty Black Ops 3,03,36,20,12980,03:36:20
2015,Rise of the Tomb Raider,03,41,20,13280,03:41:20
2015,Fallout 4,03,46,22,13582,03:46:22
2015,Star Wars Battlefront,03,51,22,13882,03:51:22
2015,Just Cause 3,03,56,30,14190,03:56:30
2015,Fatal Frame: Maiden of Black Water,04,01,42,14502,04:01:42
2016,"Yahtzee Top 5 Best, Worst and Blandest games of 2015",00,00,05,5,00:00:05
2016,Devils Third,00,07,12,432,00:07:12
2016,Mario & Luigi Paper Jam,00,12,27,747,00:12:27
2016,Assassin's Creed Chronicles,00,17,35,1055,00:17:35
2016,Xenoblade Chronicles X,00,22,47,1367,00:22:47
2016,The Witness,00,28,06,1686,00:28:06
2016,Bombshell,00,30,47,1847,00:30:47
2016,Gravity Rush,00,33,34,2014,00:33:34
2016,X-COM 2,00,38,32,2312,00:38:32
2016,Firewatch Vs Layers of Fear,00,43,38,2618,00:43:38
2016,Far Cry Primal,00,48,51,2931,00:48:51
2016,Stardew Valley,00,53,55,3235,00:53:55
2016,Superhot,00,56,30,3390,00:56:30
2016,The Division,00,59,09,3549,00:59:09
2016,Salt and Sanctuary,01,04,03,3843,01:04:03
2016,République,01,08,53,4133,01:08:53
2016,Shadow Warrior,01,13,42,4422,01:13:42
2016,Quantum Break,01,18,22,4702,01:18:22
2016,Dark Souls 3,01,23,17,4997,01:23:17
2016,Ratchet & Clank,01,28,13,5293,01:28:13
2016,Starfox Zero,01,33,03,5583,01:33:03
2016,Paper Mario The Thousand Year Door,01,37,53,5873,01:37:53
2016,Uncharted 4,01,42,33,6153,01:42:33
2016,Doom,01,47,23,6443,01:47:23
2016,Homefront: The Revolution,01,52,22,6742,01:52:22
2016,Battleborn & Overwatch,01,57,32,7052,01:57:32
2016,Mirror's Edge Catalyst,02,02,50,7370,02:02:50
2016,E3 2016,02,07,46,7666,02:07:46
2016,Mighty N°9,02,13,07,7987,02:13:07
2016,Inside,02,18,19,8299,02:18:19
2016,Shadow of the Beast,02,21,13,8473,02:21:13
2016,Technomancer,02,23,25,8605,02:23:25
2016,Furi,02,28,34,8914,02:28:34
2016,Song of the Deep,02,31,10,9070,02:31:10
2016,I am Setsuna,02,33,40,9220,02:33:40
2016,Head Lander,02,38,40,9520,02:38:40
2016,Quadrilateral Cowboy,02,41,06,9666,02:41:06
2016,Quake 1,02,43,27,9807,02:43:27
2016,No Man's Sky,02,48,42,10122,02:48:42
2016,Grow Up,02,54,00,10440,02:54:00
2016,Deus Ex Mankind Divided,02,58,49,10729,02:58:49
2016,Metroid Federation Force,03,03,54,11034,03:03:54
2016,Curious Expedition,03,08,33,11313,03:08:33
2016,Mother Russia bleeds,03,11,40,11500,03:11:40
2016,Recore,03,13,37,11617,03:13:37
2016,Capcom Five (let's all laugh of an industry that never learn anything tee hee hee),03,18,36,11916,03:18:36
2016,Clustertruck,03,23,47,12227,03:23:47
2016,Lichtspeer,03,26,40,12400,03:26:40
2016,Paper Mario Color Splash,03,28,36,12516,03:28:36
2016,Gears of War 4,03,33,44,12824,03:33:44
2016,PlayStation VR,03,38,35,13115,03:38:35
2016,Battlefield 1,03,43,43,13423,03:43:43
2016,CoD: Infinite Warfare vs Titanfall 2,03,48,44,13724,03:48:44
2016,Dishonored 2,03,53,49,14029,03:53:49
2016,Watch_Dogs_2,03,58,36,14316,03:58:36
2016,Final Fantasy XV,04,03,33,14613,04:03:33
2016,The Last Guardian,04,08,30,14910,04:08:30
2017,"Yahtzee's Top 5 Best, Worst and Blandest Games from 2016",00,00,05,5,00:00:05
2017,Let It Die,00,06,02,362,00:06:02
2017,Dead Rising 4,00,10,42,642,00:10:42
2017,Hitman,00,15,20,920,00:15:20
2017,Gravity Rush 2,00,20,05,1205,00:20:05
2017,Resident Evil 7,00,24,43,1483,00:24:43
2017,Yakusa 0,00,29,35,1775,00:29:35
2017,Nioh,00,34,24,2064,00:34:24
2017,For Honor,00,39,27,2367,00:39:27
2017,Zelda: Breath of the Wild,00,44,28,2668,00:44:28
2017,Horizon Zero Dawn,00,49,41,2981,00:49:41
2017,Nier Automata,00,54,25,3265,00:54:25
2017,Ghost Recon Wildlands,00,59,26,3566,00:59:26
2017,Mass Effect Andromeda,01,04,12,3852,01:04:12
2017,Yooka-Laylee,01,09,02,4142,01:09:02
2017,Persona 5,01,13,52,4432,01:13:52
2017,"Remasters Month (Bulletstorm, Full Throttle, Planescape Torment, Parrappa The Rapper)",01,18,40,4720,01:18:40
2017,Outlast 2,01,23,34,5014,01:23:34
2017,Sniper Ghost Warrior 3,01,28,30,5310,01:28:30
2017,Prey,01,33,33,5613,01:33:33
2017,Wilson's Heart (VR),01,38,27,5907,01:38:27
2017,The Surge,01,43,25,6205,01:43:25
2017,Injustice 2,01,48,27,6507,01:48:27
2017,Vanquish,01,53,22,6802,01:53:22
2017,E3 2017,01,58,11,7091,01:58:11
2017,Strafe,02,03,13,7393,02:03:13
2017,Get Even,02,07,52,7672,02:07:52
2017,Hollow Knight & Dead Cells,02,12,40,7960,02:12:40
2017,Crash Bandicoot N-Sane Trilogy,02,17,30,8250,02:17:30
2017,The fifth console generation (Let's all laugh of an industry that never learns anything tee hee hee),02,22,14,8534,02:22:14
2017,The End is Nigh,02,27,02,8822,02:27:02
2017,Yonder The Cloud Catcher Chronicles,02,29,44,8984,02:29:44
2017,Pyre,02,31,51,9111,02:31:51
2017,Splatoon 2,02,36,37,9397,02:36:37
2017,Hellblade Senua's Sacrifice,02,41,31,9691,02:41:31
2017,Agents of Mayhem,02,46,27,9987,02:46:27
2017,Sonic Mania,02,51,15,10275,02:51:15
2017,Mario+Rabids Kingdom Battle,02,55,56,10556,02:55:56
2017,Destiny 2,03,00,40,10840,03:00:40
2017,Metroid Samus Returns,03,05,28,11128,03:05:28
2017,Cuphead,03,10,10,11410,03:10:10
2017,Knack 2,03,14,52,11692,03:14:52
2017,SteamWorld Dig 2,03,17,11,11831,03:17:11
2017,Hob,03,19,30,11970,03:19:30
2017,A Hat In Time,03,21,15,12075,03:21:15
2017,Middle-Earth: Shadow of War,03,24,32,12272,03:24:32
2017,The Evil Within 2,03,29,21,12561,03:29:21
2017,Super Mario Odyssey,03,34,08,12848,03:34:08
2017,Wolfenstein: The New Colossus,03,39,04,13144,03:39:04
2017,Assassin's Creed: Origins,03,43,48,13428,03:43:48
2017,Sonic Forces,03,48,48,13728,03:48:48
2017,Star Wars: Battlefront 2,03,53,50,14030,03:53:50
2017,Hand of Fate 2,03,58,38,14318,03:58:38
2017,South Park: The Fractured but Whole,04,03,41,14621,04:03:41
2018,"Best, Blandest, and Bottom 5",00,00,00,0,00:00:00
2018,Okami HD,00,06,09,369,00:06:09
2018,PlayerUnknown's Battlegrounds,00,10,57,657,00:10:57
2018,Fortnite Battle Royale [&] DUSK,00,15,55,955,00:15:55
2018,Doki Doki Literature Club,00,20,47,1247,00:20:47
2018,The Inpatient & Doom VFR,00,25,56,1556,00:25:56
2018,Monster Hunter World,00,30,56,1856,00:30:56
2018,Subnautica,00,35,43,2143,00:35:43
2018,Kingdom Come: Deliverance,00,40,40,2440,00:40:40
2018,The Hot Coffee Controversy,00,45,48,2748,00:45:48
2018,Hunt Down The Freeman,00,50,48,3048,00:50:48
2018,Ghost of a Tale,00,56,02,3362,00:56:02
2018,God of War,01,00,57,3657,01:00:57
2018,A Way Out,01,06,14,3974,01:06:14
2018,Far Cry 5,01,11,18,4278,01:11:18
2018,Ni No Kuni 2: Revenant Kingdom,01,16,32,4592,01:16:32
2018,Extinction & Attack on Titan 2,01,21,51,4911,01:21:51
2018,Yakuza 6: The Song of Life,01,26,57,5217,01:26:57
2018,Silent Hill 4: The Room,01,32,29,5549,01:32:29
2018,Conan Exiles,01,37,46,5866,01:37:46
2018,House Flipper [&] Far Lone Sails,01,42,53,6173,01:42:53
2018,Detroit: Become Human,01,47,58,6478,01:47:58
2018,Agony,01,53,16,6796,01:53:16
2018,E3 2018 Synopsis,01,58,22,7102,01:58:22
2018,Vampyr,02,03,53,7433,02:03:53
2018,Jurassic World: Evolution,02,09,07,7747,02:09:07
2018,Resident Evil 4,02,13,58,8038,02:13:58
2018,Totally Accurate Battlegrounds & Moonlighter,02,19,17,8357,02:19:17
2018,The Crew 2,02,24,15,8655,02:24:15
2018,Octopath Traveler,02,29,24,8964,02:29:24
2018,Observer,02,34,27,9267,02:34:27
2018,Chasm [&] This is The Police 2,02,39,16,9556,02:39:16
2018,Unavowed,02,44,10,9850,02:44:10
2018,Guacamelee 2 [&] Not Tonight,02,49,11,10151,02:49:11
2018,Shenmue,02,54,23,10463,02:54:23
2018,Marvel's Spider-man,02,59,34,10774,02:59:34
2018,Shadow of the Tomb Raider,03,04,43,11083,03:04:43
2018,Dragon Quest 11: Echoes of an Elusive Age,03,09,59,11399,03:09:59
2018,Star Control Origins,03,14,58,11698,03:14:58
2018,Assassin's Creed Odyssey,03,19,59,11999,03:19:59
2018,Call of Duty Black Ops 4,03,25,22,12322,03:25:22
2018,Return of the Obra Dinn,03,30,31,12631,03:30:31
2018,The Missing: J.J Mackfield and The Island of Memories,03,35,26,12926,03:35:26
2018,Red Dead Redemption 2,03,40,30,13230,03:40:30
2018,Call of Cthulhu,03,45,51,13551,03:45:51
2018,Fallout 76,03,50,51,13851,03:50:51
2018,Hitman 2 [&] Killer 7,03,55,34,14134,03:55:34
2018,Darksiders 3,04,00,39,14439,04:00:39
2019,"Yahtzee’s 2018 Best, Worst & Blandest",00,00,00,0,00:00:00
2019,Super Smash Bros. Ultimate,00,06,56,416,00:06:56
2019,Gris [&] Ashen,00,12,06,726,00:12:06
2019,Katamari Damacy Reroll,00,17,28,1048,00:17:28
2019,Travis Strikes Again: No More Heroes,00,22,34,1354,00:22:34
2019,Resident Evil 2 (2019),00,27,28,1648,00:27:28
2019,Kingdom Hearts III,00,32,51,1971,00:32:51
2019,Metro Exodus,00,37,58,2278,00:37:58
2019,Far Cry New Dawn,00,43,00,2580,00:43:00
2019,Anthem,00,47,58,2878,00:47:58
2019,Crackdown 3,00,53,06,3186,00:53:06
2019,Left Alive,00,58,05,3485,00:58:05
2019,Devil May Cry 5,01,03,13,3793,01:03:13
2019,Tom Clancy’s The Division 2,01,08,08,4088,01:08:08
2019,Sekiro: Shadows Die Twice,01,13,09,4389,01:13:09
2019,Unheard / Outward,01,18,11,4691,01:18:11
2019,Yoshi’s Crafted World,01,23,20,5000,01:23:20
2019,Mortal Kombat 11,01,28,22,5302,01:28:22
2019,Katana Zero,01,33,49,5629,01:33:49
2019,Days Gone,01,38,55,5935,01:38:55
2019,Close to the Sun,01,44,13,6253,01:44:13
2019,Rage 2,01,49,15,6555,01:49:15
2019,Observation,01,54,18,6858,01:54:18
2019,A Plague Tale: Innocence,01,59,04,7144,01:59:04
2019,E3 2019,02,04,00,7440,02:04:00
2019,Blood: Fresh Supply,02,09,48,7788,02:09:48
2019,Bloodstained: Ritual of the Night,02,15,07,8107,02:15:07
2019,Judgment,02,20,11,8411,02:20:11
2019,The Sinking City,02,25,03,8703,02:25:03
2019,My Friend Pedro / Sea of Solitude,02,30,08,9008,02:30:08
2019,Acclaim Entertainment Hall of Shame,02,35,06,9306,02:35:06
2019,Wolfenstein: Youngblood,02,40,32,9632,02:40:32
2019,Horace,02,45,21,9921,02:45:21
2019,Rebel Galaxy Outlaw,02,50,06,10206,02:50:06
2019,Control,02,55,07,10507,02:55:07
2019,The Dark Pictures Anthology: Man of Medan,03,00,11,10811,03:00:11
2019,Remnant: From the Ashes,03,05,05,11105,03:05:05
2019,Blair Witch,03,10,35,11435,03:10:35
2019,Gears 5,03,15,52,11752,03:15:52
2019,Astral Chain,03,21,18,12078,03:21:18
2019,Contra: Rogue Corps,03,26,54,12414,03:26:54
2019,Tom Clancy’s Ghost Recon Breakpoint,03,31,48,12708,03:31:48
2019,Indivisible,03,36,55,13015,03:36:55
2019,The Outer Worlds,03,41,57,13317,03:41:57
2019,Call of Duty: Modern Warfare (or Disco Elysium),03,46,50,13610,03:46:50
2019,Luigi’s Mansion 3,03,52,03,13923,03:52:03
2019,Death Stranding,03,56,59,14219,03:56:59
2019,Star Wars Jedi: Fallen Order,04,02,05,14525,04:02:05
2019,Shenmue III,04,07,15,14835,04:07:15
2019,2019 Games Yahtzee Didn’t Review Roundup,04,12,14,15134,04:12:14
2019,Phoenix Point [&] Bug Fables: The Everlasting Sapling,04,17,52,15472,04:17:52
2020,"Top 5 best, worst, and blandest of 2019",00,00,00,0,00:00:00
2020,Yahtzee’s most significant games of the decade,00,05,46,346,00:05:46
2020,Boneworks,00,11,29,689,00:11:29
2020,Mech Warrior 5; Mercenaries,00,16,35,995,00:16:35
2020,Whattam,00,19,27,1167,00:19:27
2020,Journey to the Savage Planet,00,21,43,1303,00:21:43
2020,The Walking Dead Saints & Sinners,00,26,45,1605,00:26:45
2020,Kentucky Route Zero,00,31,49,1909,00:31:49
2020,Star Fetchers Pilot,00,36,11,2171,00:36:11
2020,Zombie Army 4 Dead War,00,36,56,2216,00:36:56
2020,Wolcen; Lords of Mayhem,00,41,48,2508,00:41:48
2020,Dreams,00,46,58,2818,00:46:58
2020,DOOM 1993 Retrospective,00,52,08,3128,00:52:08
2020,Black Mesa,00,57,35,3455,00:57:35
2020,Ori & the Will of the Wisps,01,02,34,3754,01:02:34
2020,DOOM ETERNAL,01,07,14,4034,01:07:14
2020,Half Life Alyx,01,12,28,4348,01:12:28
2020,Resident Evil 3 Remake,01,17,45,4665,01:17:45
2020,Animal Crossing - New Horizons,01,23,08,4988,01:23:08
2020,Final Fantasy 7 Remake,01,28,09,5289,01:28:09
2020,XCOM chimera Squad,01,33,25,5605,01:33:25
2020,Cloudpunk,01,38,19,5899,01:38:19
2020,Streets of Rage 4,01,40,56,6056,01:40:56
2020,WoW corrupted blood incident (Let’s All Laugh at an Industry That Never Learns Anything Tee Hee Hee),01,43,13,6193,01:43:13
2020,Void Bastards,01,48,29,6509,01:48:29
2020,Ion Fury,01,51,00,6660,01:51:00
2020,Man Eater,01,53,26,6806,01:53:26
2020,Minecraft Dungeons,01,58,24,7104,01:58:24
2020,shantie & the Seven Sirens,02,03,22,7402,02:03:22
2020,Desperados 3,02,08,35,7715,02:08:35
2020,The Last of Us 2,02,13,50,8030,02:13:50
2020,Persona 4 Golden,02,18,56,8336,02:18:56
2020,Google Stadia,02,24,14,8654,02:24:14
2020,Deadly Premonition 2,02,29,19,8959,02:29:19
2020,Paper Mario; the Origami King,02,34,16,9256,02:34:16
2020,Ghost of Tsushima,02,39,10,9550,02:39:10
2020,Carrion,02,44,06,9846,02:44:06
2020,Beyond A Steel Sky,02,46,52,10012,02:46:52
2020,Fall Guys,02,49,10,10150,02:49:10
2020,Mortal Shell,02,54,11,10451,02:54:11
2020,BattleToads,02,58,50,10730,02:58:50
2020,No Strait Roads,03,01,30,10890,03:01:30
2020,Marvels Avengers,03,03,37,11017,03:03:37
2020,Spirtfarer,03,08,45,11325,03:08:45
2020,BPM-Bullets Per Minute,03,13,47,11627,03:13:47
2020,Serious Sam 4,03,18,44,11924,03:18:44
2020,Hades,03,24,14,12254,03:24:14
2020,Crash Bandicoot 4 It’s About Time,03,29,03,12543,03:29:03
2020,Amnesia Returns,03,33,55,12835,03:33:55
2020,Remothored Broken,03,38,34,13114,03:38:34
2020,Ghostrunner,03,43,28,13408,03:43:28
2020,Watch Dogs Legion,03,48,13,13693,03:48:13
2020,Dark Pictures Anthology - Little Hope,03,53,06,13986,03:53:06
2020,Assassins Creed Valhalla,03,58,12,14292,03:58:12
2020,Spider Man Miles Morales,04,02,56,14576,04:02:56
2020,Yakuza; Like A Dragon,04,07,35,14855,04:07:35
2020,Immortals Fenyx Rising,04,12,22,15142,04:12:22
2020,Cyberpunk 2077,04,17,19,15439,04:17:19
2020,"Best, Worst, and blandest of 2020 (1st video of 2021)",04,22,13,15733,04:22:13
2021,"Best, Worst, and Blandest of 2020",00,00,00,0,00:00:00
2021,Bugsnax,00,06,25,385,00:06:25
2021,Super Meat Boy Forever,00,09,24,564,00:09:24
2021,Medal of Honor: Above & Beyond,00,11,30,690,00:11:30
2021,Demons Souls Remake,00,16,18,978,00:16:18
2021,Hitman 3,00,21,16,1276,00:21:16
2021,The Medium,00,26,03,1563,00:26:03
2021,Werewolf: The Apocalypse-Earthblood,00,31,10,1870,00:31:10
2021,Little Nightmares 2,00,36,13,2173,00:36:13
2021,Breathedge,00,40,52,2452,00:40:52
2021,Persona 5 Strikers,00,45,33,2733,00:45:33
2021,Harvest Moon:One World,00,50,40,3040,00:50:40
2021,Loop Hero,00,55,42,3342,00:55:42
2021,Everhood,00,58,11,3491,00:58:11
2021,Evil Genius 2: World Domination,01,00,36,3636,01:00:36
2021,Story of Seasons: Pioneers of Olive Town,01,05,36,3936,01:05:36
2021,Outriders,01,10,24,4224,01:10:24
2021,Oddworld:Soulstorm,01,15,19,4519,01:15:19
2021,It Takes Two,01,20,13,4813,01:20:13
2021,Balan Wonderworld,01,25,05,5105,01:25:05
2021,Resident Evil 8: Village,01,30,09,5409,01:30:09
2021,Returnal,01,35,20,5720,01:35:20
2021,Biomutant,01,40,25,6025,01:40:25
2021,Subnautica: Below Zero,01,45,10,6310,01:45:10
2021,Miitopia,01,50,04,6604,01:50:04
2021,Necromunda: Hired Gun,01,55,14,6914,01:55:14
2021,Sniper: Ghost Warrior-Contracts 2,01,59,58,7198,01:59:58
2021,Ratchet and Clank: Rift Apart,02,05,03,7503,02:05:03
2021,Scarlet Nexus,02,10,23,7823,02:10:23
2021,Mario Golf: Super Rush,02,15,26,8126,02:15:26
2021,ENDER LILIES: Quietus of the Knights,02,18,05,8285,02:18:05
2021,Ys IX: Monstrum Nox,02,20,19,8419,02:20:19
2021,Cruelty Squad,02,25,28,8728,02:25:28
2021,Death’s Door,02,30,16,9016,02:30:16
2021,The Forgotten City,02,32,40,9160,02:32:40
2021,The Great Ace Attorney Chronicles,02,35,20,9320,02:35:20
2021,Jupiter Hell,02,40,19,9619,02:40:19
2021,Dreamscaper,02,42,58,9778,02:42:58
2021,12 Minutes,02,45,19,9919,02:45:19
2021,No More Heroes 3,02,50,14,10214,02:50:14
2021,Psychonauts 2,02,55,33,10533,02:55:33
2021,Tormented Souls,03,00,32,10832,03:00:32
2021,The Artful Escape,03,03,18,10998,03:03:18
2021,Deathloop,03,05,37,11137,03:05:37
2021,Lost in Random,03,10,36,11436,03:10:36
2021,Kena: Bridge of Spirits,03,15,24,11724,03:15:24
2021,Far Cry 6,03,20,27,12027,03:20:27
2021,Metroid Dread,03,25,37,12337,03:25:37
2021,Back 4 Blood,03,30,34,12634,03:30:34
2021,Marvel’s Guardians of the Galaxy,03,35,27,12927,03:35:27
2021,The Good Life,03,40,55,13255,03:40:55
2021,Sherlock Holmes Chapter One,03,46,02,13562,03:46:02
2021,Call of Duty: Vanguard,03,51,19,13879,03:51:19
2021,Grand Theft Auto: The Trilogy- Definitive Edition,03,56,27,14187,03:56:27
2021,Oculus Quest 2,04,01,45,14505,04:01:45
2021,Resident Evil 4 VR,04,04,04,14644,04:04:04
2021,Shin Megami Tensei V,04,06,50,14810,04:06:50
2021,Halo Infinite,04,11,58,15118,04:11:58
2022,"The Best, Worst, and Blandest of 2021",00,00,00,0,00:00:00
2022,Some 2021 Games Yahtzee Didn’t Review Roundup,00,07,10,430,00:07:10
2022,Praey For The Gods,00,12,42,762,00:12:42
2022,Five Nights At Freddy’s: Security Breach,00,17,35,1055,00:17:35
2022,Dying Light 2,00,23,00,1380,00:23:00
2022,Pokémon Legends: Arceus,00,28,11,1691,00:28:11
2022,Not For Broadcast,00,33,17,1997,00:33:17
2022,Elden Ring,00,38,02,2282,00:38:02
2022,Horizon: Forbidden West,00,43,05,2585,00:43:05
2022,Babylon’s Fall,00,48,06,2886,00:48:06
2022,Ghostwire: Tokyo,00,53,10,3190,00:53:10
2022,Tiny Tina’s Wonderlands,00,58,18,3498,00:58:18
2022,Stranger Of Paradise: Final Fantasy Origin,01,03,20,3800,01:03:20
2022,Tunic,01,08,28,4108,01:08:28
2022,Weird West,01,13,25,4405,01:13:25
2022,13 Sentinels: Aegis Rim,01,18,29,4709,01:18:29
2022,Teardown,01,23,37,5017,01:23:37
2022,Rogue Legacy 2,01,28,34,5314,01:28:34
2022,Trek To Yomi,01,33,31,5611,01:33:31
2022,Ravenous Devils,01,36,30,5790,01:36:30
2022,Salt And Sacrifice,01,38,22,5902,01:38:22
2022,Hardspace: Shipbreaker,01,43,18,6198,01:43:18
2022,Sifu,01,48,19,6499,01:48:19
2022,The Quarry,01,52,53,6773,01:52:53
2022,Neon White,01,57,51,7071,01:57:51
2022,Card Shark,02,02,52,7372,02:02:52
2022,POSTAL: Brain Damaged,02,05,44,7544,02:05:44
2022,The Weird Story of “Bob’s Game”,02,07,48,7668,02:07:48
2022,No Man’s Sky (Revisit),02,13,24,8004,02:13:24
2022,Rainbow Billy: The Curse Of The Leviathan,02,18,15,8295,02:18:15
2022,Stray,02,22,58,8578,02:22:58
2022,Powerwash Simulator,02,27,45,8865,02:27:45
2022,ENDLING: Extinction Is Forever,02,30,08,9008,02:30:08
2022,Hell Pie,02,32,43,9163,02:32:43
2022,Cult Of The Lamb,02,37,43,9463,02:37:43
2022,Fashion Police Squad,02,42,42,9762,02:42:42
2022,Saints Row (Reboot/2022),02,47,43,10063,02:47:43
2022,The Mortuary Assistant,02,52,46,10366,02:52:46
2022,Soul Hackers 2,02,57,57,10677,02:57:57
2022,Metal: Hellsinger,03,02,57,10977,03:02:57
2022,Splatoon 3,03,07,53,11273,03:07:53
2022,Serial Cleaners,03,11,11,11471,03:11:11
2022,Return To Monkey Island,03,12,45,11565,03:12:45
2022,Prodeus,03,17,58,11878,03:17:58
2022,Scorn,03,23,06,12186,03:23:06
2022,A Plague Tale: Requiem,03,27,59,12479,03:27:59
2022,Gotham Knights,03,33,05,12785,03:33:05
2022,Mario + Rabbids: Sparks Of Hope,03,38,10,13090,03:38:10
2022,Bayonetta 3,03,43,21,13401,03:43:21
2022,Sonic Frontiers,03,48,12,13692,03:48:12
2022,God Of War: Ragnarok,03,53,17,13997,03:53:17
2022,Marvel’s Midnight Suns,03,58,21,14301,03:58:21
2022,Evil West,04,03,19,14599,04:03:19
2022,The Callisto Protocol,04,08,27,14907,04:08:27
